<?xml version='1.0' ?>
<!-- Parameter File --><HEAD>
<E_P_GAM>2</E_P_GAM>
<SD_P_GAM>1.996</SD_P_GAM>
<NB_CHAINS>4</NB_CHAINS>
<P_MUTATION>0.5</P_MUTATION>
<P_SEL>0.5</P_SEL>
<P_CSRV_R>0.5</P_CSRV_R>
<P_DR>0.5</P_DR>
<N_P_VALUE_ENTER>0.1</N_P_VALUE_ENTER>
<N_P_VALUE_REMOVE>0.1</N_P_VALUE_REMOVE>
<G_N_BATCH>100</G_N_BATCH>
<G_ADMH_OPTIMAL>0.44</G_ADMH_OPTIMAL>
<G_ADMH_LS>0.0</G_ADMH_LS>
<K_MAX>3</K_MAX>
<GIBBS_N_BATCH>500</GIBBS_N_BATCH>
<B_T>2.0</B_T>
<A_T_DEN_INF_5K>2.0</A_T_DEN_INF_5K>
<A_T_DEN_5_10K>4.0</A_T_DEN_5_10K>
<A_T_DEN_SUP_10K>2.0</A_T_DEN_SUP_10K>
<TEMP_N_BATCH>100</TEMP_N_BATCH>
<TEMP_OPTIMAL>0.50</TEMP_OPTIMAL>
<M_MIN>1.0</M_MIN>
<M_MAX>4.0</M_MAX>
</HEAD>
