"","V1","V2","V3","V4","V5","V6","V7","V8","V9","V10","Y1"
"1",0,0,0,0,0,0,1,1,0,1,2.94781012476934
"2",1,1,1,1,0,1,1,0,0,0,9.97791998114839
"3",1,1,0,1,0,1,0,0,0,0,12.0390279842081
"4",0,0,1,0,0,0,0,1,1,1,2.75223942338005
"5",0,0,1,0,0,1,1,1,1,1,3.30947455761409
"6",1,0,0,0,1,0,1,1,1,0,14.3994448149228
"7",0,1,1,0,0,0,1,0,0,0,0.573678658871483
"8",0,0,0,0,1,1,0,1,0,0,2.50941066080963
"9",1,0,0,1,0,1,0,1,0,0,12.0973155679913
"10",0,1,0,0,0,0,1,0,0,1,2.03876741105559
"11",1,1,0,0,1,1,0,0,0,1,14.8472744219161
"12",1,0,0,0,1,0,0,1,0,0,12.2198090507516
"13",0,0,1,0,1,1,0,1,0,1,4.18661011631545
"14",1,1,0,0,1,1,0,0,0,1,13.5779999017686
"15",0,1,0,0,0,1,1,0,0,0,1.54330775051262
"16",0,1,1,0,1,1,0,0,0,0,4.08580361314269
"17",1,0,0,0,1,1,0,1,0,0,12.2805292160087
"18",0,1,0,0,0,0,0,0,0,1,0.590135915955171
"19",0,0,0,0,1,1,0,1,0,0,4.11683452141695
"20",0,0,1,0,0,1,0,1,0,0,1.56115567290785
"21",0,1,0,0,1,0,1,0,0,1,4.07556785565916
"22",0,0,0,0,1,1,0,1,1,0,4.82982397028793
"23",1,0,1,1,0,1,0,1,0,1,11.4870824864784
"24",1,0,1,1,0,1,1,1,0,1,12.3327481305807
"25",0,1,0,0,0,1,0,0,0,0,2.31644507978684
"26",0,0,1,0,1,0,0,1,1,1,4.28588201346285
"27",1,1,1,1,0,1,1,0,0,1,10.2772666484722
"28",0,0,0,0,1,0,0,1,1,1,2.45928354577748
"29",1,0,0,1,0,0,1,1,1,1,12.3048793634573
"30",1,0,1,0,1,0,0,1,1,1,12.6205086498184
"31",1,1,0,1,0,0,1,0,0,0,9.67722139799853
"32",0,0,1,0,0,0,0,1,0,1,2.91649708795374
"33",0,1,1,0,0,0,0,0,0,1,0.975385640193898
"34",1,1,0,0,1,0,1,0,0,1,13.7794466566554
"35",1,0,0,1,0,0,0,1,0,0,12.643266542644
"36",0,0,1,0,0,0,0,1,0,1,2.35002701899446
"37",0,1,0,0,1,1,1,0,0,1,3.04260267922338
"38",1,0,0,0,1,1,0,1,1,0,13.835678590862
"39",0,1,1,0,1,1,0,0,0,1,1.47491573700264
"40",0,1,0,0,1,0,0,0,0,0,1.2849493690509
"41",0,0,1,0,1,0,0,1,0,0,2.65264840631628
"42",0,0,0,0,1,0,1,1,0,1,2.86050206051936
"43",1,1,0,1,0,1,1,0,0,1,10.3957328089815
"44",0,0,1,0,1,1,1,1,0,1,4.95707832535082
"45",0,1,1,0,0,1,0,0,0,0,1.0980516515234
"46",0,1,0,0,1,0,1,0,0,0,4.38757080873253
"47",0,0,1,0,1,0,0,1,1,0,3.59758450402206
"48",1,0,0,0,1,0,0,1,1,1,12.7680492182684
"49",0,1,0,0,0,0,0,0,0,0,-1.23788406878287
"50",0,1,1,0,1,0,0,0,0,0,1.83920851025367
"51",0,0,0,0,1,0,1,1,0,1,3.57630055180503
"52",1,0,1,0,1,1,1,1,1,0,14.0578700846105
"53",1,0,0,0,1,0,1,1,0,0,14.5831252524071
"54",1,1,0,1,0,1,0,0,0,0,9.24712885383815
"55",1,1,1,0,1,1,0,0,0,0,13.0464193165933
"56",1,1,1,1,0,1,1,0,0,0,9.58664505387799
"57",1,0,1,0,1,0,0,1,0,0,12.5221956804192
"58",0,0,0,0,0,0,0,1,1,1,0.838120341489878
"59",0,0,0,0,0,0,0,1,1,0,0.699610992434069
"60",1,1,1,1,0,1,0,0,0,0,10.7994465423729
"61",1,1,0,1,0,0,1,0,0,1,11.6912648992515
"62",0,0,0,0,1,1,1,1,1,0,3.07195488120813
"63",1,1,0,0,1,1,0,0,0,1,11.2715691841488
"64",0,1,0,0,0,0,1,0,0,1,2.54699582943067
"65",0,1,1,0,0,1,0,0,0,0,1.42005354872821
"66",0,0,0,0,1,0,0,1,0,0,3.28981345282653
"67",0,0,0,0,0,0,0,1,0,0,1.86691953908212
"68",1,0,1,0,1,1,0,1,1,1,14.6934125460746
"69",0,1,1,0,0,0,0,0,0,1,1.5047818259711
"70",1,1,1,1,0,0,0,0,0,0,8.86156630978104
"71",0,1,1,0,1,1,1,0,0,0,1.92598033035878
"72",1,1,0,1,0,1,0,0,0,1,10.6817552585291
"73",1,0,0,1,0,0,0,1,0,1,11.5241718536
"74",1,0,0,0,1,1,1,1,0,1,11.6384559665999
"75",0,0,1,0,1,0,1,1,1,0,4.26395648886928
"76",0,1,1,0,0,0,0,0,0,0,1.05945013569465
"77",0,1,1,0,0,0,1,0,0,1,0.892808690956051
"78",1,0,1,0,1,0,1,1,0,0,13.3507879169035
"79",1,0,0,1,0,0,0,1,1,0,10.7191407946679
"80",0,0,0,0,1,1,1,1,0,1,3.66958675760498
"81",0,0,0,0,0,1,1,1,0,0,1.13493139204664
"82",0,0,1,0,1,1,1,1,0,1,1.01706813564371
"83",1,0,0,1,0,0,1,1,1,0,12.8351989349398
"84",1,0,0,0,1,1,1,1,0,1,15.333770606535
"85",0,0,0,0,0,0,1,1,0,0,4.19166335139114
"86",0,1,0,0,0,1,0,0,0,1,0.4047914927069
"87",0,1,1,0,0,1,1,0,0,1,-0.105993150702666
"88",0,0,0,0,0,0,0,1,1,1,3.12378003004957
"89",0,1,1,0,1,1,1,0,0,0,1.70139477749696
"90",0,1,1,0,0,0,1,0,0,0,1.39498114629658
"91",0,0,0,0,0,1,1,1,1,0,1.55010283970771
"92",1,1,1,1,0,1,1,0,0,1,10.6096905711924
"93",0,1,0,0,0,1,0,0,0,0,0.95502781235252
"94",1,1,1,0,1,0,1,0,0,1,13.261666663413
"95",1,0,1,1,0,1,0,1,1,1,10.8261990406282
"96",1,0,1,1,0,1,1,1,1,0,12.3617401236938
"97",1,0,0,0,1,0,0,1,0,0,14.6557842872484
"98",1,1,1,1,0,0,0,0,0,0,11.6229956433251
"99",0,1,0,0,0,0,1,0,0,1,-0.239523779927253
"100",1,1,0,0,1,0,0,0,0,1,12.9891038535296
"101",0,1,0,0,0,1,0,0,0,0,0.516607198175579
"102",0,1,1,0,1,0,0,0,0,1,2.89559527458514
"103",0,0,0,0,0,1,1,1,0,1,2.00115755122674
"104",0,1,0,0,0,1,0,0,0,1,-0.205469542931042
"105",0,0,1,0,1,1,1,1,0,0,3.24819660868833
"106",0,1,0,0,0,0,1,0,0,1,-0.0128515246511534
"107",1,0,1,0,1,1,1,1,0,1,13.939722301696
"108",1,0,0,1,0,1,0,1,1,0,11.9140620103788
"109",1,1,1,0,1,0,1,0,0,1,11.5888776401758
"110",0,1,1,0,0,0,0,0,0,1,2.50951897796181
"111",0,0,1,0,1,1,0,1,1,0,2.81135725870552
"112",1,1,0,0,1,1,1,0,0,1,12.7924852730474
"113",0,0,0,0,0,0,0,1,0,1,1.68617978213852
"114",1,0,0,0,1,0,1,1,1,0,13.1671494775289
"115",0,0,1,0,1,1,0,1,1,0,2.20863106605202
"116",1,0,0,0,1,1,1,1,1,0,14.0800145087345
"117",1,1,1,1,0,1,0,0,0,1,11.6551118108098
"118",0,0,1,0,1,1,0,1,0,1,1.32272973935387
"119",1,0,0,0,1,1,0,1,1,0,12.370994375909
"120",0,0,1,0,1,0,0,1,1,1,2.94655200121864
"121",1,0,0,1,0,1,1,1,1,1,11.2505009296326
"122",1,1,1,0,1,1,0,0,0,1,13.0450235910762
"123",1,0,1,1,0,1,1,1,0,1,12.0724450628227
"124",1,0,1,0,1,0,1,1,1,1,13.5603762352982
"125",1,1,1,1,0,0,0,0,0,0,11.1583361653275
"126",1,0,0,1,0,1,1,1,0,0,11.7488300269019
"127",0,0,1,0,1,1,1,1,1,1,5.41580035866115
"128",1,1,0,1,0,1,1,0,0,1,11.176094906808
"129",0,0,1,0,0,1,1,1,1,1,2.16025145191362
"130",1,0,1,1,0,0,1,1,0,1,11.4641732019167
"131",1,0,1,1,0,0,0,1,0,0,13.2645848050855
"132",1,0,0,1,0,1,1,1,1,0,12.0749609994595
"133",0,0,0,0,0,1,0,1,1,0,0.332789096942292
"134",1,1,0,1,0,0,1,0,0,0,9.2813987673604
"135",1,1,1,1,0,0,0,0,0,0,9.6237283564189
"136",1,1,1,1,0,0,0,0,0,0,11.4542591297108
"137",1,0,1,0,1,0,0,1,0,0,13.5715838644341
"138",1,0,0,1,0,0,0,1,0,1,11.1545273290086
"139",0,1,0,0,0,1,1,0,0,0,1.04051870139501
"140",0,0,0,0,1,1,1,1,0,0,2.72740296683485
"141",0,0,1,0,0,1,0,1,0,1,1.80755261555704
"142",1,0,1,1,0,0,0,1,0,0,13.2118552678443
"143",1,0,0,0,1,0,1,1,1,0,13.2137852661361
"144",1,0,1,0,1,1,0,1,1,0,12.0327176468052
"145",1,0,0,0,1,0,1,1,1,1,13.1191551086224
"146",0,1,0,0,0,0,1,0,0,1,0.421465420988636
"147",1,0,0,1,0,0,0,1,0,1,11.1377825766961
"148",1,0,0,0,1,1,0,1,0,1,13.3529027565782
"149",0,0,0,0,1,1,0,1,0,0,4.49393761135386
"150",1,1,1,0,1,0,0,0,0,1,11.3804988255269
"151",1,1,0,0,1,0,0,0,0,0,13.6840984243965
"152",1,0,0,0,1,0,1,1,0,1,13.6967368389646
"153",0,0,0,0,1,1,0,1,0,0,2.89196046909154
"154",1,1,1,0,1,1,1,0,0,1,12.8501387822441
"155",0,1,1,0,0,1,0,0,0,0,1.97684733758084
"156",1,0,1,0,1,0,1,1,0,1,14.04318963366
"157",0,0,0,0,0,1,1,1,0,1,2.5113596676123
"158",1,0,1,0,1,0,1,1,0,1,13.0085005846434
"159",1,0,0,0,1,0,0,1,1,1,13.3364116576741
"160",1,0,0,0,1,1,1,1,1,1,13.5882456537796
"161",1,0,0,1,0,0,0,1,0,0,11.839853179068
"162",1,1,1,1,0,0,1,0,0,0,10.9589875887367
"163",0,0,1,0,0,1,0,1,0,1,1.25799087330987
"164",1,1,1,1,0,0,0,0,0,1,10.1729915303888
"165",1,0,1,1,0,1,1,1,0,0,11.1746556425796
"166",1,1,0,0,1,1,0,0,0,0,13.0940206707537
"167",0,1,1,0,0,1,0,0,0,1,-0.177783434464491
"168",0,0,1,0,1,1,1,1,0,1,4.21954188386637
"169",0,0,0,0,1,0,0,1,0,0,2.39949939202113
"170",1,0,0,1,0,0,1,1,0,1,12.7703527689353
"171",1,1,0,1,0,0,1,0,0,0,10.6998131360648
"172",1,1,1,0,1,1,1,0,0,1,11.428215365107
"173",1,0,1,1,0,0,0,1,1,1,12.1903125029232
"174",0,0,0,0,1,0,0,1,1,0,3.61343022962779
"175",0,1,1,0,0,0,0,0,0,0,1.87202101002752
"176",0,1,1,0,0,0,0,0,0,0,1.70428831091559
"177",1,0,1,0,1,1,0,1,0,0,13.9696641485286
"178",1,0,0,0,1,1,1,1,0,0,11.6664496060382
"179",0,1,0,0,1,0,0,0,0,1,0.910962711505306
"180",1,1,0,1,0,1,0,0,0,1,9.86923190042277
"181",1,1,1,0,1,0,1,0,0,0,13.9391197563969
"182",1,0,1,1,0,0,1,1,0,1,12.0249997576022
"183",1,1,1,1,0,0,1,0,0,0,11.6064341964259
"184",1,0,1,0,1,1,1,1,0,1,13.131494207018
"185",0,0,1,0,1,1,0,1,1,1,2.6747665981446
"186",0,0,1,0,0,0,0,1,0,1,2.82804065175431
"187",1,0,1,1,0,1,0,1,0,1,12.5164559429297
"188",1,1,0,1,0,1,1,0,0,0,10.2724041833069
"189",1,0,1,0,1,1,0,1,0,0,14.0259148018229
"190",0,1,1,0,0,0,1,0,0,1,0.322879256237233
"191",0,0,1,0,0,1,1,1,1,1,3.09551378941711
"192",1,1,0,0,1,1,1,0,0,1,11.6821964652486
"193",0,0,1,0,1,1,0,1,1,1,2.25173599536769
"194",1,0,0,0,1,1,0,1,0,1,13.1723684457525
"195",0,0,0,0,0,0,0,1,1,1,1.78420429998713
"196",1,1,1,0,1,0,1,0,0,0,12.0432806548539
"197",0,0,1,0,1,1,1,1,0,0,2.9024787045465
"198",0,1,1,0,1,0,1,0,0,0,3.993092815798
"199",0,0,0,0,0,1,1,1,0,0,2.15510302351318
"200",1,1,1,0,1,0,0,0,0,1,12.5601585846368
"201",1,0,0,0,1,0,1,1,1,1,14.1655183113017
"202",0,1,0,0,1,1,1,0,0,0,2.7030640473248
"203",1,0,0,1,0,0,1,1,0,0,12.3594439166722
"204",0,1,0,0,0,0,1,0,0,0,1.29642043296567
"205",1,1,0,1,0,0,0,0,0,0,12.15465918291
"206",0,0,1,0,0,1,1,1,0,0,1.09365472536306
"207",0,1,1,0,0,1,0,0,0,0,0.671320683759763
"208",0,0,0,0,1,0,1,1,0,0,1.66639470678641
"209",1,1,1,0,1,0,1,0,0,0,11.5886106743739
"210",0,1,0,0,1,0,1,0,0,1,1.81971193052839
"211",0,0,0,0,0,1,0,1,0,0,0.109967614939282
"212",0,0,1,0,0,0,0,1,1,1,0.96575228038871
"213",1,1,0,0,1,1,1,0,0,0,12.1378888057787
"214",1,0,0,0,1,1,1,1,0,1,14.5854953070228
"215",1,1,1,0,1,0,0,0,0,1,13.696291323552
"216",1,1,1,1,0,1,0,0,0,0,14.0792057812263
"217",0,1,0,0,0,1,1,0,0,0,-0.152139897674231
"218",0,1,1,0,1,0,1,0,0,1,1.6906983099457
"219",0,0,0,0,0,0,0,1,0,1,1.66815091542413
"220",1,1,1,1,0,0,1,0,0,1,12.1705335106524
"221",1,0,1,0,1,0,0,1,1,0,13.0784378005902
"222",1,1,0,1,0,0,1,0,0,0,11.0968884229274
"223",1,1,1,1,0,1,0,0,0,1,10.4820796706635
"224",1,0,0,1,0,0,1,1,1,1,12.6924335821471
"225",0,1,1,0,1,1,1,0,0,0,3.85525731337339
"226",1,1,1,0,1,0,0,0,0,0,11.2152888437939
"227",1,0,0,0,1,0,0,1,1,0,11.3264197807378
"228",0,1,0,0,0,1,1,0,0,1,1.40122199419915
"229",1,0,0,1,0,0,0,1,1,1,11.8111465182587
"230",0,0,1,0,1,0,0,1,1,1,3.88633157236407
"231",0,0,1,0,1,1,0,1,1,0,1.62560110788454
"232",0,0,1,0,0,1,1,1,0,1,1.58434971679598
"233",1,0,1,1,0,0,0,1,0,1,8.96113194467032
"234",0,0,0,0,0,0,0,1,1,1,3.0053405634709
"235",0,0,1,0,0,1,1,1,1,1,0.205665366073168
"236",0,1,1,0,1,0,1,0,0,0,0.329532864259817
"237",1,1,1,1,0,1,1,0,0,0,9.12689867965736
"238",1,1,1,1,0,1,1,0,0,1,9.26506972649994
"239",1,1,0,1,0,0,1,0,0,1,11.1618468619648
"240",0,1,1,0,1,0,1,0,0,0,1.6863218905926
"241",0,0,0,0,0,1,0,1,0,1,-1.30872346157287
"242",1,0,0,1,0,1,1,1,1,1,12.3945662100572
"243",0,1,1,0,1,1,1,0,0,1,1.14770972615056
"244",0,1,1,0,1,0,1,0,0,1,2.89028095516874
"245",0,0,0,0,0,0,1,1,0,0,0.508378857297773
"246",0,0,0,0,0,1,1,1,1,1,1.35694433606179
"247",0,0,0,0,0,0,1,1,0,1,2.46402832174843
"248",1,0,0,1,0,0,0,1,1,1,13.1376516559849
"249",1,0,1,1,0,0,1,1,1,0,12.682960137699
"250",0,1,0,0,0,0,0,0,0,1,0.376208473831234
"251",1,1,1,1,0,0,0,0,0,0,10.5714741534387
"252",1,0,0,1,0,1,1,1,0,0,10.9035340262474
"253",1,1,1,0,1,0,0,0,0,0,11.5710180560372
"254",0,1,0,0,0,1,0,0,0,1,1.90840200201755
"255",0,1,0,0,0,1,1,0,0,0,1.44003819474793
"256",0,0,1,0,1,0,0,1,0,1,2.48379380702585
"257",0,1,1,0,0,0,0,0,0,0,2.27875682923263
"258",1,0,1,0,1,0,0,1,0,0,13.6541977297549
"259",0,0,1,0,0,0,1,1,1,1,2.57317091128693
"260",0,0,0,0,1,1,0,1,0,0,3.02400597397962
"261",0,0,0,0,0,0,1,1,1,1,0.398967057823773
"262",1,0,1,0,1,1,0,1,1,1,14.5428947465658
"263",1,0,1,1,0,1,0,1,0,1,13.1773963664842
"264",0,1,0,0,0,1,1,0,0,0,0.22660666973932
"265",0,1,0,0,1,1,1,0,0,0,2.45430788648904
"266",0,1,0,0,1,1,1,0,0,0,2.47672728226757
"267",0,1,1,0,1,0,0,0,0,1,2.18241429152428
"268",0,1,1,0,1,1,0,0,0,0,1.88643982986015
"269",0,1,0,0,1,1,1,0,0,0,2.41166691251028
"270",0,0,0,0,0,1,0,1,0,1,1.59045342168314
"271",0,0,1,0,0,0,1,1,0,0,2.87150472257296
"272",1,1,0,0,1,1,0,0,0,1,12.6061180144896
"273",1,0,1,1,0,1,1,1,0,1,13.2176684765312
"274",0,1,0,0,0,0,0,0,0,1,0.418311559515862
"275",0,1,1,0,1,0,1,0,0,1,3.24168085250514
"276",0,0,1,0,0,1,0,1,0,1,3.37426770415399
"277",0,0,1,0,1,0,0,1,0,0,3.24448885077629
"278",0,1,1,0,0,1,0,0,0,1,1.67865789616067
"279",0,1,0,0,1,0,1,0,0,0,1.72323998053649
"280",1,0,0,0,1,0,1,1,1,1,12.3058638346788
"281",1,1,1,0,1,1,1,0,0,1,10.7778726178155
"282",0,0,1,0,1,0,0,1,0,0,2.49492363844108
"283",1,0,1,1,0,1,0,1,1,0,10.7504419991441
"284",0,1,0,0,1,0,1,0,0,0,4.9346078432338
"285",0,1,0,0,1,0,1,0,0,1,3.34164157682162
"286",1,1,1,0,1,1,1,0,0,0,12.4099896420166
"287",1,0,1,0,1,0,1,1,1,0,13.1657745566424
"288",0,1,0,0,1,0,0,0,0,1,1.18996605056017
"289",0,1,0,0,0,1,1,0,0,1,2.17927653463657
"290",0,1,1,0,0,1,1,0,0,1,0.781459915884593
"291",1,1,0,0,1,1,0,0,0,0,11.5849116516361
"292",0,0,1,0,1,1,1,1,0,0,4.06844439842463
"293",0,1,1,0,1,0,1,0,0,1,2.23636946730157
"294",1,1,0,1,0,0,1,0,0,0,11.9725218308048
"295",1,1,1,1,0,1,1,0,0,0,10.7136424825321
"296",1,0,0,1,0,0,1,1,1,1,12.0052943120679
"297",0,0,1,0,1,1,1,1,1,0,1.6274443579865
"298",0,1,0,0,1,0,1,0,0,1,2.49896305668658
"299",0,1,1,0,1,1,1,0,0,0,3.56705808954194
"300",0,0,0,0,1,1,0,1,0,1,4.07276188882716
"301",0,1,1,0,1,0,0,0,0,1,2.04410017248119
"302",0,0,0,0,0,1,0,1,0,0,2.22750582156187
"303",1,0,0,1,0,1,0,1,1,0,12.1394242749386
"304",1,0,0,1,0,0,0,1,1,0,11.6917924843082
"305",0,0,1,0,0,1,1,1,0,1,1.30843728838275
"306",1,1,0,1,0,0,1,0,0,1,11.8159450577761
"307",1,0,1,1,0,0,1,1,1,0,10.7041096000301
"308",0,0,1,0,1,0,0,1,0,0,3.72814214394252
"309",0,0,0,0,0,0,0,1,1,0,1.91889695385318
"310",0,0,0,0,0,0,0,1,0,1,-0.0694236423417232
"311",0,0,0,0,1,0,0,1,0,1,2.89079120331559
"312",0,1,0,0,1,1,0,0,0,1,3.5584664500058
"313",1,1,0,1,0,0,1,0,0,1,11.5215387495715
"314",0,1,0,0,1,0,1,0,0,1,4.46887308507994
"315",1,0,0,1,0,0,1,1,0,0,12.0572812608025
"316",0,0,1,0,1,1,1,1,0,1,3.93949909037368
"317",1,1,1,0,1,1,1,0,0,1,12.9097737503849
"318",0,0,1,0,1,1,1,1,1,1,2.32983765663461
"319",0,1,0,0,1,1,1,0,0,1,2.36915491870449
"320",1,1,1,0,1,1,0,0,0,0,12.1260314291345
"321",1,0,1,0,1,0,1,1,0,0,13.4406484859366
"322",1,0,0,1,0,1,1,1,1,0,12.1736551629807
"323",1,0,1,1,0,0,0,1,0,1,11.8855076631263
"324",1,0,0,0,1,0,0,1,0,0,13.4967859924128
"325",1,1,0,1,0,1,1,0,0,0,11.0518325485335
"326",0,1,0,0,1,0,0,0,0,0,1.36040213591527
"327",1,1,0,1,0,1,1,0,0,1,12.6298137660355
"328",1,1,1,1,0,0,1,0,0,0,10.1701120704392
"329",0,0,0,0,1,0,0,1,1,0,2.87365551786145
"330",1,0,1,0,1,0,1,1,1,0,13.078464880223
"331",1,1,1,0,1,0,0,0,0,1,10.970238562931
"332",0,0,0,0,0,0,1,1,0,0,1.38162857607776
"333",0,0,0,0,1,0,1,1,0,1,0.680841999184583
"334",0,0,0,0,0,1,1,1,0,1,1.63894047165405
"335",1,1,0,1,0,0,0,0,0,1,11.9614245795691
"336",1,0,1,0,1,1,1,1,0,0,12.4220621525416
"337",1,1,1,0,1,1,1,0,0,1,12.7822914236557
"338",1,0,1,1,0,1,1,1,0,0,10.3746072049448
"339",1,1,0,0,1,1,1,0,0,0,11.6977933610815
"340",1,1,1,1,0,1,0,0,0,0,12.2756610171079
"341",0,1,1,0,1,1,1,0,0,0,4.76065362438927
"342",1,0,0,1,0,0,0,1,0,1,11.114988768304
"343",1,1,0,0,1,0,1,0,0,1,11.1390119159381
"344",0,0,0,0,1,0,0,1,0,1,4.76927035573348
"345",1,0,1,0,1,1,0,1,0,1,13.0733247792559
"346",0,0,0,0,0,0,0,1,1,1,1.05689585276245
"347",0,1,0,0,1,0,1,0,0,1,2.0287611280167
"348",1,1,1,1,0,1,1,0,0,0,12.581567243804
"349",0,0,1,0,0,1,0,1,1,1,3.40270970080079
"350",1,0,1,0,1,1,1,1,0,0,12.0731822067144
"351",1,0,0,1,0,0,1,1,0,1,8.14225676324056
"352",1,1,0,1,0,1,0,0,0,0,11.5366248217816
"353",1,1,0,0,1,0,0,0,0,0,13.3475562306612
"354",0,0,0,0,0,1,0,1,1,1,3.28362853167409
"355",1,1,0,1,0,0,0,0,0,1,9.59847858163354
"356",0,1,0,0,1,1,0,0,0,0,1.72570433007567
"357",0,1,1,0,1,0,0,0,0,1,2.24420564303635
"358",0,0,1,0,0,0,1,1,1,1,3.13959981118672
"359",1,0,1,1,0,0,0,1,0,0,10.8136246463906
"360",0,0,0,0,1,0,1,1,0,1,2.61008852602121
"361",0,0,0,0,0,1,0,1,0,0,2.4336888232253
"362",1,1,1,0,1,1,0,0,0,0,13.2102901944877
"363",1,1,0,0,1,0,0,0,0,1,12.2263219558522
"364",1,1,0,1,0,0,1,0,0,0,11.1424129508079
"365",1,1,1,1,0,1,0,0,0,1,11.2234036309977
"366",1,0,1,1,0,1,0,1,1,1,10.7210138841625
"367",0,1,0,0,1,1,1,0,0,0,1.46845899326401
"368",1,1,0,0,1,1,1,0,0,0,11.050449036091
"369",1,1,1,1,0,1,1,0,0,0,10.8868103052616
"370",0,0,0,0,0,1,1,1,1,1,3.03106140779869
"371",0,0,0,0,1,0,1,1,0,0,3.58716682000674
"372",1,1,1,1,0,0,1,0,0,1,11.1472708228339
"373",0,0,0,0,0,0,0,1,0,0,2.05537417163256
"374",0,1,1,0,0,1,1,0,0,0,1.30276167814003
"375",0,0,1,0,1,1,0,1,1,1,3.19776134489804
"376",1,1,0,0,1,0,1,0,0,0,12.22272026514
"377",1,0,0,1,0,0,1,1,1,0,11.49980338286
"378",0,1,1,0,0,1,0,0,0,1,1.5682332963187
"379",0,0,0,0,1,1,0,1,0,0,3.88039926975207
"380",0,1,1,0,0,0,0,0,0,1,1.1909264675801
"381",0,0,0,0,1,1,0,1,1,0,3.28374130185708
"382",1,0,1,0,1,1,1,1,1,1,11.7710082621328
"383",0,1,0,0,0,1,0,0,0,0,0.781688902667389
"384",0,1,1,0,0,0,0,0,0,0,0.437276838048844
"385",0,1,0,0,0,1,0,0,0,0,1.43056611687471
"386",1,0,0,0,1,1,0,1,1,0,12.3534287176388
"387",0,1,0,0,0,1,1,0,0,0,1.60583103220284
"388",1,0,0,1,0,0,0,1,1,0,10.6984677266339
"389",0,0,1,0,1,0,1,1,1,0,0.232557772749544
"390",1,0,1,0,1,0,1,1,0,1,13.4237145860949
"391",0,1,0,0,1,1,0,0,0,1,1.97708438586404
"392",1,0,0,1,0,0,1,1,1,0,12.2764882552766
"393",1,1,1,1,0,0,0,0,0,1,12.4787909690919
"394",0,0,1,0,0,1,0,1,1,0,1.22925681622095
"395",1,0,1,0,1,0,0,1,1,0,15.5479044229869
"396",0,1,1,0,0,1,0,0,0,1,-0.0180669080772551
"397",1,0,1,1,0,1,1,1,1,1,12.2204297043897
"398",0,1,1,0,1,1,0,0,0,1,3.38730508701055
"399",0,1,0,0,0,1,0,0,0,1,0.277256920678442
"400",1,1,1,0,1,0,0,0,0,0,12.460164194172
"401",0,1,1,0,1,0,0,0,0,0,1.34495362928443
"402",0,1,1,0,0,0,1,0,0,0,1.26994294218467
"403",0,0,0,0,1,0,0,1,1,0,2.47199731653936
"404",0,1,0,0,0,0,1,0,0,0,1.43307671326677
"405",0,1,0,0,0,0,0,0,0,0,1.90554816775319
"406",0,1,0,0,1,1,1,0,0,1,2.42685282654777
"407",1,1,1,1,0,0,0,0,0,0,12.4632494554246
"408",1,0,1,1,0,1,1,1,1,1,11.5757798379341
"409",0,0,1,0,1,1,0,1,1,0,3.02037463029482
"410",1,1,0,0,1,1,0,0,0,0,12.0793670305358
"411",1,1,0,1,0,0,0,0,0,0,11.5936945827833
"412",1,1,1,1,0,1,1,0,0,1,11.403335250716
"413",0,0,1,0,1,0,1,1,0,1,1.47200251083397
"414",1,1,1,1,0,1,1,0,0,1,10.1496804765532
"415",1,1,1,1,0,0,1,0,0,0,11.1347500356573
"416",0,0,0,0,1,1,0,1,1,1,1.85996303946557
"417",0,1,0,0,1,0,0,0,0,1,2.31778254954893
"418",1,0,1,0,1,1,1,1,0,0,12.3154636060871
"419",0,1,0,0,0,1,0,0,0,0,2.04859418575611
"420",0,1,1,0,0,1,0,0,0,1,2.11422210471952
"421",0,0,1,0,1,0,0,1,0,1,2.76928430892922
"422",1,0,0,0,1,1,0,1,1,0,12.9377752791273
"423",0,0,0,0,1,1,0,1,1,1,3.59896952934179
"424",0,1,1,0,0,1,1,0,0,1,1.46834280829178
"425",0,0,0,0,1,0,0,1,0,1,3.90582019768578
"426",0,0,1,0,0,0,1,1,0,0,0.717924821280793
"427",0,1,1,0,0,1,1,0,0,0,1.50650575971957
"428",1,1,1,1,0,1,1,0,0,0,10.3528415350152
"429",0,1,1,0,0,1,1,0,0,1,0.144210052108726
"430",0,0,0,0,0,0,0,1,0,0,-0.21350706770604
"431",0,1,0,0,1,1,0,0,0,1,3.20276214742241
"432",1,1,1,0,1,1,1,0,0,1,13.6659910036766
"433",1,1,0,0,1,0,1,0,0,1,11.7557761748851
"434",0,0,1,0,1,0,0,1,0,1,2.13607737352931
"435",0,0,0,0,1,1,1,1,1,1,2.97582673154565
"436",1,1,1,0,1,1,0,0,0,1,12.4846159816818
"437",1,0,1,1,0,1,0,1,1,0,11.6244185616364
"438",0,0,1,0,1,1,1,1,1,0,2.53326446299584
"439",1,0,0,1,0,0,0,1,0,0,11.7206194494554
"440",0,1,0,0,1,1,0,0,0,1,2.92809692591636
"441",0,0,1,0,0,0,0,1,0,0,1.26868153724239
"442",0,1,1,0,1,1,1,0,0,0,1.49415902531024
"443",1,0,1,1,0,1,1,1,1,0,11.7864958933316
"444",0,0,0,0,1,1,1,1,1,0,2.15514405857367
"445",1,1,1,1,0,0,0,0,0,1,11.6432777972837
"446",0,0,1,0,0,1,0,1,1,0,2.20255294093624
"447",1,1,1,1,0,1,0,0,0,1,10.8595014574165
"448",1,1,1,1,0,1,1,0,0,0,11.6255101778575
"449",1,1,0,0,1,0,0,0,0,0,13.357404846347
"450",1,0,0,0,1,1,1,1,0,0,13.7743199445249
"451",1,1,1,0,1,1,0,0,0,1,12.4013908862758
"452",1,0,0,0,1,1,0,1,0,0,14.9838291642066
"453",0,1,1,0,0,1,1,0,0,1,1.88771482691701
"454",1,0,0,1,0,0,0,1,1,1,10.129451853329
"455",1,0,1,0,1,1,0,1,0,1,13.2978078632069
"456",0,0,1,0,0,1,0,1,1,0,-0.381395017694772
"457",0,0,1,0,0,0,0,1,1,1,1.1936792029463
"458",0,1,0,0,0,0,0,0,0,0,0.865354605447983
"459",1,0,0,1,0,1,0,1,1,0,12.8993989848653
"460",1,1,1,1,0,1,0,0,0,0,10.6978527695843
"461",0,1,0,0,0,0,1,0,0,0,0.999793727610659
"462",1,0,1,0,1,0,1,1,1,1,12.5269220993705
"463",0,1,1,0,1,0,0,0,0,1,3.27306478203935
"464",0,0,0,0,0,1,1,1,0,1,2.31936861091212
"465",0,1,1,0,1,0,0,0,0,1,2.96401009932495
"466",1,0,1,0,1,1,1,1,0,0,12.4924822146568
"467",1,0,1,0,1,1,0,1,1,1,12.8717183600299
"468",1,1,1,1,0,1,1,0,0,0,11.5799147899118
"469",1,0,0,0,1,0,1,1,0,0,13.8506087350773
"470",1,1,0,1,0,0,0,0,0,1,11.4612054890762
"471",0,0,1,0,0,1,1,1,1,0,2.54227652948361
"472",0,1,1,0,1,0,0,0,0,0,3.13196132531709
"473",1,0,0,0,1,0,0,1,0,0,13.5043290290232
"474",1,0,0,0,1,1,0,1,0,1,13.8816238530157
"475",1,1,1,1,0,0,1,0,0,1,12.3980019629214
"476",1,1,1,1,0,1,1,0,0,1,10.3590687243971
"477",1,0,1,1,0,1,0,1,1,1,11.351491823879
"478",1,0,0,1,0,1,0,1,0,1,12.8783896090039
"479",0,1,1,0,0,0,0,0,0,1,1.93204750370253
"480",1,1,1,0,1,1,1,0,0,1,11.8589531202646
"481",0,1,1,0,0,0,1,0,0,0,2.44890856705778
"482",0,1,1,0,1,0,1,0,0,1,3.6884956839242
"483",1,0,0,1,0,0,1,1,1,0,10.6936744566508
"484",0,0,0,0,1,1,0,1,0,0,3.53188519937564
"485",1,1,0,0,1,0,1,0,0,0,12.8917075018304
"486",1,1,0,1,0,1,1,0,0,1,10.2014940398536
"487",1,0,1,0,1,0,1,1,0,1,13.5655205685131
"488",0,0,1,0,0,1,0,1,0,1,2.35986821043696
"489",1,1,0,1,0,0,1,0,0,0,9.6167257475921
"490",0,0,1,0,0,0,0,1,0,1,3.79701361960601
"491",1,1,1,1,0,0,1,0,0,0,11.1835834713285
"492",0,1,1,0,1,0,0,0,0,1,2.81272457665131
"493",0,1,0,0,1,1,1,0,0,0,2.67572782072737
"494",0,1,0,0,0,1,1,0,0,0,2.86442336994916
"495",1,0,1,1,0,0,1,1,1,0,12.4149869634322
"496",1,0,0,0,1,1,1,1,1,1,13.950020284026
"497",1,1,1,1,0,1,0,0,0,0,12.4401461258909
"498",0,0,1,0,1,1,1,1,0,0,2.19076551957316
"499",1,1,0,1,0,0,1,0,0,0,10.6029583610976
"500",0,0,0,0,1,0,1,1,1,0,2.08964008593865
"501",1,0,0,0,1,1,0,1,0,1,12.4751470228123
"502",1,0,1,1,0,0,1,1,1,1,10.8008953683227
"503",0,1,0,0,0,0,1,0,0,1,0.723093944568437
"504",1,0,1,1,0,1,0,1,0,0,10.6587063950967
"505",1,1,1,0,1,0,1,0,0,0,12.5864796776597
"506",0,0,1,0,0,0,1,1,1,0,2.40472634319791
"507",1,1,0,1,0,1,0,0,0,0,12.1255736794513
"508",0,0,1,0,0,0,1,1,0,0,1.47786327011902
"509",0,0,1,0,0,0,1,1,1,1,1.41507000183748
"510",1,0,0,1,0,0,0,1,1,0,12.0139079369805
"511",0,1,1,0,1,0,1,0,0,1,2.76589202923837
"512",0,0,0,0,0,0,1,1,0,0,2.84906177197787
"513",1,1,0,0,1,0,1,0,0,1,13.2210244923109
"514",1,0,1,0,1,0,1,1,0,0,14.9992636439435
"515",1,1,1,1,0,0,1,0,0,0,11.2786140870466
"516",1,0,0,0,1,0,0,1,1,1,12.8528028783872
"517",1,1,0,1,0,0,0,0,0,0,12.6502707734882
"518",0,0,0,0,1,0,1,1,1,0,5.0859300786372
"519",1,1,0,1,0,1,1,0,0,1,10.8699287165218
"520",0,0,1,0,1,0,0,1,1,0,0.744620457469301
"521",0,0,0,0,0,1,0,1,1,0,0.449783821419669
"522",1,1,1,0,1,1,0,0,0,1,12.0137035437573
"523",0,0,0,0,1,1,1,1,1,0,2.97907318646906
"524",1,1,0,0,1,1,1,0,0,1,13.7826442791551
"525",1,0,1,0,1,0,1,1,0,0,12.049605495904
"526",1,1,0,1,0,1,0,0,0,0,12.0447789702795
"527",0,0,0,0,1,1,1,1,0,1,2.83326254128641
"528",0,0,1,0,0,0,0,1,1,1,1.19173306624964
"529",1,0,0,0,1,0,0,1,1,1,13.9951600004153
"530",1,0,1,1,0,1,1,1,1,1,11.8977474869563
"531",0,0,1,0,0,0,0,1,1,0,0.687722010907223
"532",1,1,1,1,0,0,0,0,0,0,10.3394195004113
"533",0,0,1,0,0,0,1,1,1,0,2.95393961097858
"534",0,1,1,0,1,0,0,0,0,0,3.09117894373329
"535",0,0,0,0,0,1,1,1,1,1,0.638962125219476
"536",0,0,1,0,0,0,0,1,0,0,1.17729090485799
"537",0,0,1,0,0,0,0,1,0,0,2.79507555322295
"538",1,1,0,0,1,1,0,0,0,0,11.9862382447929
"539",1,1,0,0,1,0,1,0,0,1,14.2886769534265
"540",1,0,1,1,0,0,1,1,1,1,11.6766396788399
"541",0,1,0,0,1,0,1,0,0,0,2.60253938630241
"542",1,0,1,0,1,0,1,1,1,0,14.0043275856599
"543",1,0,1,1,0,1,1,1,1,1,12.0678255290014
"544",0,0,1,0,1,1,1,1,0,1,4.3276262020195
"545",1,1,1,0,1,1,0,0,0,0,14.5247803599108
"546",0,1,1,0,0,1,0,0,0,0,-1.1231124755526
"547",0,1,1,0,1,0,0,0,0,0,1.92172313081613
"548",0,1,0,0,0,0,1,0,0,0,1.3023497618567
"549",1,1,1,1,0,1,1,0,0,1,11.8543457183834
"550",1,0,1,0,1,0,0,1,1,1,13.4329775786328
"551",0,1,1,0,0,1,0,0,0,1,0.751523244230007
"552",1,1,1,1,0,0,0,0,0,1,10.4200208555753
"553",0,0,1,0,1,1,0,1,1,1,4.68460894149934
"554",0,1,0,0,1,1,0,0,0,1,1.46101610487624
"555",0,0,1,0,1,1,0,1,0,1,2.99368184893605
"556",1,1,0,1,0,0,0,0,0,1,11.7996762283111
"557",1,1,0,1,0,0,1,0,0,0,10.8345652713661
"558",1,1,0,0,1,0,1,0,0,1,12.1584482374332
"559",0,1,0,0,0,1,1,0,0,0,-0.699104867509878
"560",0,0,1,0,0,1,0,1,0,1,3.79528143692825
"561",0,0,0,0,1,1,1,1,0,0,3.82885169195769
"562",0,0,1,0,0,0,1,1,1,0,1.72175679752305
"563",0,1,0,0,0,1,0,0,0,1,-1.15941841672755
"564",1,1,0,0,1,1,1,0,0,1,11.181218033168
"565",1,0,1,1,0,1,1,1,0,0,11.9323761289969
"566",0,0,1,0,0,1,1,1,1,0,2.59311249950492
"567",1,0,0,0,1,0,1,1,0,1,13.1201649074586
"568",1,0,1,1,0,1,0,1,0,0,13.2534281773153
"569",0,0,1,0,0,1,0,1,0,1,2.79419750248473
"570",0,1,0,0,1,0,1,0,0,1,2.01990534996279
"571",1,1,0,1,0,1,0,0,0,1,11.5072232065137
"572",0,0,1,0,1,1,1,1,0,1,4.34857498273343
"573",1,1,1,1,0,0,0,0,0,0,11.0188656000598
"574",1,1,1,1,0,0,0,0,0,0,11.619354471246
"575",1,0,1,1,0,0,1,1,0,1,13.0346739339786
"576",0,0,0,0,0,0,1,1,0,1,2.14144219372823
"577",0,0,0,0,1,1,0,1,1,1,5.12147462125573
"578",0,0,1,0,0,1,0,1,0,1,1.8337929530853
"579",1,0,1,0,1,0,0,1,1,0,13.4977164116011
"580",0,0,0,0,0,0,1,1,0,0,1.95375311089255
"581",0,1,1,0,0,1,0,0,0,0,1.30182049285329
"582",1,0,0,1,0,1,1,1,1,1,12.8982598905074
"583",0,0,0,0,1,1,1,1,1,0,2.96467181826536
"584",0,1,0,0,1,1,0,0,0,1,0.701393716456387
"585",0,0,0,0,1,1,0,1,0,1,2.29715952901365
"586",1,1,0,1,0,0,1,0,0,1,12.0169949445994
"587",1,0,1,1,0,0,0,1,0,1,11.8182926866518
"588",1,0,1,0,1,0,1,1,0,0,12.9075002514195
"589",1,1,1,1,0,1,0,0,0,1,11.5388763123657
"590",0,1,0,0,1,1,1,0,0,0,2.95176808687152
"591",0,0,0,0,1,0,1,1,0,0,2.25156320990351
"592",1,1,1,0,1,0,0,0,0,0,12.5851602600112
"593",1,1,0,1,0,1,1,0,0,0,10.7891147421077
"594",1,0,1,1,0,1,0,1,1,0,12.5675855536978
"595",1,0,0,1,0,1,1,1,0,0,11.6599933592177
"596",0,0,1,0,1,1,1,1,0,0,2.34886239690254
"597",1,0,0,0,1,0,0,1,0,1,15.510851641886
"598",0,1,1,0,1,1,1,0,0,0,2.18481574354001
"599",0,1,1,0,0,0,0,0,0,0,-0.00868385067230704
"600",0,1,0,0,1,1,0,0,0,1,3.13020698378678
"601",0,0,0,0,0,1,0,1,0,0,1.93258217977835
"602",0,0,1,0,0,1,1,1,1,1,0.654300278295462
"603",0,1,1,0,0,0,0,0,0,1,1.31042807252591
"604",1,1,0,1,0,1,1,0,0,0,11.6166289851348
"605",0,1,0,0,1,1,0,0,0,1,3.23469899486035
"606",1,1,0,1,0,0,1,0,0,1,10.2773923257814
"607",1,1,0,0,1,1,0,0,0,0,13.886532362594
"608",1,1,1,1,0,1,0,0,0,1,11.0285772065499
"609",1,0,0,0,1,1,0,1,1,1,11.394200044188
"610",0,1,1,0,1,0,1,0,0,1,1.18731308071346
"611",1,0,1,0,1,0,0,1,1,1,14.2184973036852
"612",1,1,0,0,1,0,0,0,0,0,12.1467173425484
"613",0,1,1,0,1,1,1,0,0,1,2.8924163698923
"614",0,0,0,0,0,0,0,1,0,1,3.47971027332173
"615",0,0,1,0,1,1,1,1,0,1,2.37821213539185
"616",0,0,0,0,1,1,0,1,0,1,3.67057626220639
"617",0,0,1,0,1,0,1,1,1,0,1.63057040429779
"618",1,1,0,0,1,0,1,0,0,0,11.8634037538258
"619",0,1,0,0,1,1,1,0,0,1,4.02860688141802
"620",1,0,0,1,0,0,0,1,1,0,12.5251842234666
"621",0,0,1,0,1,0,1,1,0,0,3.98985865357729
"622",0,1,0,0,1,1,1,0,0,1,0.0977442049629755
"623",1,1,1,0,1,0,0,0,0,1,12.6261501806228
"624",1,1,0,1,0,1,0,0,0,1,10.1951451017884
"625",0,0,1,0,1,1,0,1,1,1,2.02998625709321
"626",0,1,0,0,0,0,0,0,0,0,0.709093978836862
"627",1,1,1,0,1,1,0,0,0,1,14.1186783777997
"628",1,1,1,1,0,0,1,0,0,1,9.86194523393036
"629",0,0,1,0,1,1,0,1,1,1,3.17489582450798
"630",1,0,1,1,0,0,1,1,0,0,9.64972089513027
"631",0,0,1,0,1,1,1,1,0,1,3.32134326254638
"632",0,0,1,0,1,1,1,1,1,1,2.50308801585717
"633",1,0,1,0,1,0,1,1,0,1,13.8538723523371
"634",1,1,1,0,1,0,1,0,0,1,11.1307318177558
"635",0,1,0,0,0,1,1,0,0,1,0.131481720027218
"636",0,0,0,0,0,1,0,1,1,1,2.38178642803915
"637",0,0,0,0,0,0,0,1,0,0,1.45969195482892
"638",0,1,1,0,0,1,1,0,0,0,-0.437963773738329
"639",0,0,0,0,1,1,1,1,0,0,4.83514838487582
"640",1,1,0,1,0,1,0,0,0,0,11.4848219270396
"641",1,0,1,1,0,0,1,1,1,1,11.1030772783949
"642",1,0,1,0,1,0,0,1,1,1,12.8726273324581
"643",0,1,1,0,0,1,0,0,0,0,1.99684522189609
"644",1,1,0,0,1,1,0,0,0,1,13.0040766373529
"645",0,0,0,0,0,1,0,1,1,1,2.51902269470138
"646",1,0,1,0,1,1,0,1,1,1,12.8958704931415
"647",1,0,1,0,1,1,0,1,1,1,12.3049225743413
"648",0,1,1,0,0,1,0,0,0,1,0.36906293417401
"649",0,1,1,0,1,0,1,0,0,0,3.336459664773
"650",0,0,1,0,0,0,1,1,0,1,2.98115970943862
"651",0,1,1,0,0,0,1,0,0,0,3.16526648788273
"652",0,0,1,0,0,0,0,1,0,0,2.20704445581741
"653",0,1,1,0,0,0,0,0,0,1,-1.58291848644069
"654",0,1,0,0,1,1,0,0,0,0,2.14657282626751
"655",0,0,0,0,1,0,0,1,1,0,1.9535002795578
"656",0,1,1,0,0,1,0,0,0,1,0.426485117570326
"657",0,0,1,0,0,0,0,1,1,1,2.74373431371776
"658",1,0,0,1,0,0,0,1,0,1,11.2993427501863
"659",0,0,1,0,0,0,1,1,0,1,0.0650441595936124
"660",1,0,0,1,0,0,1,1,0,0,10.8971786883656
"661",1,0,0,1,0,1,1,1,0,1,12.3670725326044
"662",0,0,1,0,0,0,1,1,0,0,3.60038413542736
"663",0,1,1,0,1,1,0,0,0,0,1.73632049420157
"664",0,1,1,0,1,0,1,0,0,0,2.31543807354317
"665",0,1,0,0,1,0,0,0,0,1,2.95562020660124
"666",1,1,1,0,1,0,1,0,0,0,13.9474341078083
"667",0,0,0,0,0,0,0,1,0,1,2.07165692671664
"668",1,1,0,1,0,1,1,0,0,1,9.22664332753907
"669",0,1,0,0,0,1,1,0,0,1,2.35285320283421
"670",1,0,0,1,0,0,1,1,1,0,10.9257522518591
"671",0,1,0,0,1,1,0,0,0,1,2.67947029927918
"672",0,0,0,0,1,1,1,1,0,1,1.84345991870708
"673",0,1,0,0,1,0,1,0,0,0,1.66143906724663
"674",1,0,1,0,1,1,1,1,0,0,15.5922244054563
"675",1,1,0,0,1,1,0,0,0,1,12.1825302175433
"676",0,0,1,0,0,1,1,1,1,0,0.647303457329223
"677",0,1,1,0,0,0,1,0,0,1,-0.0139075289899142
"678",0,0,1,0,0,0,1,1,0,0,1.2718932380815
"679",0,0,1,0,0,0,1,1,0,1,1.87280332185146
"680",0,1,1,0,0,1,0,0,0,0,1.87317434861205
"681",0,1,0,0,0,0,0,0,0,1,0.965117869897795
"682",1,1,1,1,0,0,0,0,0,0,10.7610590528157
"683",1,1,1,0,1,1,0,0,0,1,12.7246958012274
"684",0,1,0,0,1,0,1,0,0,0,1.42677356577976
"685",0,0,0,0,1,0,0,1,1,0,3.6487916521658
"686",1,1,1,1,0,1,0,0,0,1,10.5707580506452
"687",0,1,0,0,0,0,0,0,0,1,2.34680487599627
"688",0,1,0,0,0,0,0,0,0,0,0.48961098091605
"689",1,1,1,0,1,0,1,0,0,1,13.7087597445069
"690",0,1,0,0,0,0,1,0,0,0,1.44822012917004
"691",1,0,0,0,1,0,0,1,0,1,13.7011309516995
"692",0,1,0,0,1,1,0,0,0,0,2.46494243610025
"693",1,0,1,1,0,0,1,1,0,0,11.9778920790341
"694",0,1,1,0,1,1,1,0,0,0,3.05192337936014
"695",1,1,1,0,1,1,1,0,0,1,11.8329393153297
"696",1,0,1,1,0,1,1,1,1,0,11.0635200886702
"697",1,0,1,0,1,1,1,1,0,0,12.6913506456003
"698",0,0,0,0,0,0,0,1,1,1,0.89090239210791
"699",1,0,1,0,1,1,0,1,1,1,12.9658533653766
"700",0,1,1,0,1,0,0,0,0,0,3.06853364891043
"701",0,0,1,0,0,0,1,1,0,1,1.49159103443894
"702",1,0,1,1,0,1,0,1,1,1,9.79430526099594
"703",1,1,1,0,1,1,0,0,0,0,12.9848419196925
"704",1,1,1,0,1,1,0,0,0,1,12.6575955558528
"705",1,0,1,1,0,1,1,1,1,0,11.5071756234095
"706",1,1,0,0,1,0,1,0,0,0,9.92171566446514
"707",0,0,0,0,0,1,0,1,1,1,2.39827057596175
"708",0,0,0,0,1,0,1,1,0,0,2.10679051971915
"709",0,0,1,0,1,0,1,1,1,0,1.91995288451333
"710",1,0,0,0,1,0,0,1,0,1,14.489016796475
"711",1,1,0,1,0,0,1,0,0,1,11.899834618841
"712",0,1,0,0,0,0,1,0,0,0,2.12765541299805
"713",1,0,1,1,0,1,0,1,1,0,13.2741465299377
"714",1,1,1,1,0,1,1,0,0,0,11.5531911958843
"715",1,1,1,1,0,1,1,0,0,1,10.7297216587204
"716",0,0,1,0,1,0,0,1,1,1,2.59649297731351
"717",1,0,1,1,0,1,1,1,1,1,12.1462182338497
"718",1,1,0,1,0,0,0,0,0,0,11.4027098182533
"719",1,0,0,1,0,1,0,1,0,0,10.9460318109065
"720",1,1,0,1,0,1,1,0,0,1,11.2622919861061
"721",1,0,0,0,1,0,0,1,0,1,11.4418522229604
"722",1,1,0,0,1,1,1,0,0,1,11.9747772713189
"723",1,0,1,1,0,1,0,1,0,0,12.4613939769253
"724",1,1,1,0,1,1,1,0,0,0,12.9571202659537
"725",1,1,0,1,0,1,1,0,0,0,9.45072494246068
"726",1,1,0,1,0,1,0,0,0,1,13.6187489123904
"727",0,0,1,0,0,1,1,1,0,1,2.16653163186302
"728",0,1,0,0,0,1,0,0,0,1,0.0558942070058492
"729",0,1,1,0,0,0,0,0,0,0,1.32660637040629
"730",1,0,1,0,1,1,0,1,0,0,14.9726748145
"731",0,0,0,0,1,0,0,1,1,1,2.46798331127396
"732",1,1,0,1,0,0,0,0,0,1,10.6832979440874
"733",1,1,1,0,1,0,1,0,0,0,13.5426317686543
"734",1,0,1,0,1,1,1,1,0,1,13.7387940253384
"735",0,0,0,0,1,1,0,1,0,0,4.03635703295913
"736",1,1,1,1,0,0,1,0,0,0,12.4382800562296
"737",0,1,0,0,0,0,1,0,0,0,-0.0599772056162859
"738",1,1,1,1,0,0,0,0,0,0,11.8721303224234
"739",1,1,1,1,0,1,1,0,0,0,11.4899743798462
"740",0,0,0,0,0,0,1,1,1,1,2.86039431248697
"741",0,0,1,0,0,1,0,1,1,1,2.06522974211363
"742",1,1,0,1,0,1,0,0,0,1,11.1130507340929
"743",0,1,1,0,0,0,1,0,0,1,2.23766127724352
"744",0,1,1,0,0,0,1,0,0,1,-1.17176774234294
"745",1,0,0,1,0,0,1,1,1,0,12.4442860850757
"746",1,1,0,0,1,0,0,0,0,1,13.6592807180914
"747",1,1,1,0,1,1,1,0,0,1,13.0915895618825
"748",1,0,0,0,1,1,0,1,0,1,12.9387726611423
"749",0,0,1,0,1,0,0,1,1,1,3.09639358016785
"750",0,0,1,0,0,0,0,1,1,0,3.57677340158815
"751",1,1,1,1,0,0,1,0,0,0,11.0746421416558
"752",0,0,1,0,0,0,0,1,0,0,1.26637362879615
"753",1,0,0,1,0,1,1,1,0,0,11.4947751652024
"754",0,0,0,0,0,1,1,1,0,0,2.73346062843663
"755",1,1,1,0,1,0,0,0,0,1,12.7428545297745
"756",0,0,1,0,1,0,0,1,0,0,3.51161770508842
"757",0,1,0,0,0,1,1,0,0,1,0.873245073140977
"758",1,0,0,0,1,0,0,1,0,1,13.5214726527207
"759",1,0,0,0,1,0,0,1,1,1,13.6408575037161
"760",0,0,0,0,1,0,0,1,0,0,5.67020539135623
"761",0,1,0,0,1,0,1,0,0,1,1.67546448331652
"762",1,1,1,1,0,1,0,0,0,1,11.3610213223077
"763",1,0,0,0,1,0,0,1,1,0,14.9823112659078
"764",0,0,1,0,1,0,1,1,0,0,4.60632930188285
"765",0,1,1,0,0,1,0,0,0,0,0.0587600160146153
"766",1,0,1,0,1,0,1,1,0,1,12.220589188885
"767",1,1,1,0,1,1,1,0,0,1,11.528048423338
"768",1,1,0,1,0,1,0,0,0,1,10.9347381492612
"769",1,0,1,0,1,0,0,1,0,0,14.4423472358947
"770",0,1,1,0,1,0,1,0,0,1,1.8483587857113
"771",1,1,0,1,0,0,1,0,0,1,10.5299047733374
"772",1,1,1,0,1,1,0,0,0,1,11.9700459368328
"773",1,1,0,1,0,0,0,0,0,1,10.3258542903144
"774",1,0,1,1,0,1,1,1,0,1,13.1833143371141
"775",0,1,1,0,0,0,0,0,0,0,1.56211918082095
"776",1,0,1,1,0,1,1,1,0,1,11.5500535570837
"777",1,0,1,0,1,0,0,1,0,0,11.1554821188586
"778",0,0,0,0,1,0,0,1,0,1,2.36968816284538
"779",0,1,0,0,0,1,0,0,0,0,1.34766221417081
"780",0,0,0,0,1,1,0,1,1,1,4.69648517432154
"781",0,0,1,0,1,0,0,1,1,0,2.71660075530029
"782",0,0,0,0,0,1,1,1,0,0,0.820914649343848
"783",1,0,1,0,1,1,1,1,1,1,13.1896164326756
"784",0,0,1,0,1,1,1,1,0,0,0.527614216878294
"785",0,1,0,0,1,0,0,0,0,0,1.33213481432586
"786",1,0,1,0,1,0,1,1,1,0,12.1897987636526
"787",0,0,1,0,0,0,0,1,0,0,1.17343371885592
"788",1,1,1,1,0,0,1,0,0,1,10.9101553233444
"789",0,1,1,0,1,1,0,0,0,1,2.5494695144846
"790",1,0,1,1,0,1,0,1,0,0,11.6727138588521
"791",1,0,0,0,1,0,0,1,0,0,13.1650337601206
"792",1,0,0,1,0,0,1,1,1,0,11.714625034172
"793",1,1,0,1,0,0,0,0,0,1,10.4881222282816
"794",1,0,0,0,1,0,1,1,1,0,11.4746195593944
"795",1,1,0,0,1,1,0,0,0,1,13.6068787152321
"796",0,0,0,0,1,1,0,1,1,1,2.19337892567677
"797",1,0,0,0,1,1,0,1,0,1,12.9344325060783
"798",0,1,1,0,1,1,1,0,0,1,1.92450818631953
"799",0,0,1,0,1,1,1,1,0,1,3.08121603649515
"800",1,0,0,1,0,1,0,1,1,0,13.1806851737067
"801",1,1,0,0,1,0,0,0,0,0,10.9638498566635
"802",1,1,1,1,0,1,0,0,0,1,12.0591223299995
"803",0,0,0,0,0,1,0,1,0,0,2.72381152579579
"804",0,1,1,0,0,0,1,0,0,1,-0.251473926915924
"805",0,1,0,0,1,0,0,0,0,1,-0.0440264790380698
"806",0,1,0,0,1,0,1,0,0,1,2.90978846173221
"807",0,1,1,0,0,0,1,0,0,1,1.20577298939135
"808",0,1,1,0,1,0,0,0,0,0,3.21221453804282
"809",1,1,1,1,0,1,1,0,0,1,9.96767443546263
"810",1,0,1,1,0,1,0,1,1,0,12.5350105510747
"811",0,1,0,0,0,1,0,0,0,0,0.527018497419678
"812",1,0,0,1,0,0,1,1,1,1,12.0813048599566
"813",0,1,0,0,1,0,0,0,0,1,1.53250132672668
"814",1,0,1,1,0,0,0,1,0,0,11.8827975836119
"815",0,0,1,0,0,1,0,1,1,0,1.52092829821349
"816",0,1,1,0,0,1,1,0,0,1,1.21630550466044
"817",1,1,0,1,0,0,1,0,0,1,12.0105157367977
"818",1,1,1,0,1,1,0,0,0,1,14.1358604786136
"819",1,1,1,1,0,1,0,0,0,0,11.5538351531751
"820",1,1,1,0,1,0,1,0,0,0,13.1220439294702
"821",1,0,1,1,0,0,1,1,0,0,11.5672937456148
"822",1,0,0,0,1,1,0,1,0,0,13.695257288776
"823",1,0,1,0,1,0,1,1,1,0,15.1074288139143
"824",1,1,1,1,0,0,1,0,0,0,11.1349075507636
"825",1,0,0,0,1,1,0,1,1,1,13.3675731500083
"826",1,0,0,1,0,1,0,1,1,0,11.8087371678064
"827",1,1,1,0,1,1,0,0,0,1,12.6325628038769
"828",0,0,1,0,0,1,0,1,1,0,2.34977509912789
"829",1,0,1,0,1,0,0,1,1,1,13.5260554427706
"830",0,1,1,0,1,1,1,0,0,1,3.37213198676758
"831",1,1,0,1,0,1,1,0,0,0,10.8138512214988
"832",1,1,0,0,1,0,1,0,0,1,11.2526448295701
"833",1,0,1,0,1,0,0,1,1,1,12.1075388947242
"834",0,0,0,0,1,1,0,1,0,1,2.60120950432435
"835",1,0,1,1,0,0,0,1,0,1,12.441414705607
"836",1,1,1,1,0,0,0,0,0,1,10.0506579441392
"837",0,0,1,0,1,1,1,1,1,1,1.92095140701219
"838",0,0,1,0,1,1,1,1,0,1,4.02386632885467
"839",1,0,1,0,1,1,0,1,0,0,14.6701005092707
"840",0,0,1,0,0,0,1,1,1,0,1.80497772861896
"841",1,0,1,1,0,0,0,1,0,1,9.79284659371293
"842",0,0,1,0,1,1,0,1,0,1,3.73286719521443
"843",1,1,0,1,0,0,0,0,0,0,9.47638421610151
"844",1,1,1,0,1,0,0,0,0,1,10.506783774758
"845",0,1,1,0,1,1,0,0,0,0,3.49222761406711
"846",1,0,1,1,0,0,0,1,0,1,11.0985910410717
"847",1,0,0,0,1,0,1,1,0,1,13.2814826279398
"848",1,0,1,0,1,0,1,1,0,0,15.0114774295045
"849",0,1,1,0,1,1,0,0,0,0,3.83953975165785
"850",0,0,0,0,1,0,1,1,1,0,3.34095201681379
"851",1,1,0,0,1,0,1,0,0,0,11.7187560858458
"852",0,0,0,0,1,1,1,1,1,0,3.29804520978941
"853",1,1,0,1,0,1,0,0,0,1,10.1071384670207
"854",1,1,1,0,1,0,0,0,0,0,12.3065423379614
"855",1,0,0,0,1,1,0,1,1,0,13.8588912308746
"856",1,1,0,0,1,0,0,0,0,1,11.3731897341347
"857",1,1,0,0,1,1,1,0,0,0,13.3506946503221
"858",1,0,1,0,1,0,0,1,1,1,12.635210905423
"859",0,1,0,0,0,1,1,0,0,1,2.78011383092195
"860",1,1,1,0,1,0,1,0,0,1,11.9499974684659
"861",0,1,0,0,0,1,0,0,0,1,1.7842348079327
"862",0,0,0,0,0,1,0,1,1,1,1.41238639706439
"863",0,0,0,0,0,0,0,1,1,0,1.21910725164989
"864",0,0,0,0,0,1,1,1,0,1,1.68488836008876
"865",1,0,0,0,1,1,1,1,0,0,14.6575551023001
"866",1,0,1,1,0,0,1,1,1,0,10.787311427655
"867",0,0,0,0,1,1,0,1,1,0,3.50522752176936
"868",1,1,1,1,0,0,1,0,0,0,10.3390258239012
"869",1,0,1,1,0,1,0,1,0,0,12.2605049834584
"870",1,1,0,1,0,0,1,0,0,1,10.4419569444996
"871",0,0,1,0,1,1,0,1,0,1,6.00206594086102
"872",1,0,1,1,0,1,1,1,0,1,11.7703010123106
"873",0,0,0,0,0,1,1,1,1,0,2.31672312541391
"874",1,1,0,1,0,1,0,0,0,1,12.740829286264
"875",0,0,0,0,0,0,0,1,0,0,1.0627623854364
"876",0,0,1,0,0,1,0,1,1,0,1.96854298985689
"877",1,0,0,1,0,0,1,1,1,1,14.6725083506908
"878",1,1,1,0,1,0,0,0,0,0,10.9182703832894
"879",1,1,1,1,0,1,0,0,0,1,11.8494083886499
"880",1,1,1,0,1,1,0,0,0,1,11.8245993839996
"881",0,1,1,0,1,0,0,0,0,1,2.1238413399442
"882",0,1,1,0,1,1,0,0,0,1,3.51932991743478
"883",1,0,1,1,0,1,0,1,1,0,13.1267327523192
"884",1,0,0,0,1,1,0,1,0,0,12.8790856780717
"885",0,1,0,0,1,1,1,0,0,0,1.29720112354486
"886",1,1,1,0,1,1,1,0,0,0,12.1195419851122
"887",0,0,1,0,1,1,0,1,0,0,3.66434737385255
"888",0,1,1,0,1,0,0,0,0,0,1.03756174487802
"889",1,0,1,1,0,0,1,1,0,1,11.7713074740457
"890",1,0,1,1,0,1,0,1,1,0,11.6814505781295
"891",0,1,1,0,0,1,1,0,0,0,2.31698208309661
"892",0,0,0,0,1,1,1,1,0,0,2.78804710415362
"893",0,1,1,0,0,0,1,0,0,1,-0.641748788537989
"894",1,0,0,0,1,0,0,1,0,0,15.0443521716333
"895",1,0,0,0,1,1,1,1,1,0,14.5782917932835
"896",1,0,1,1,0,0,0,1,1,0,12.1486837074333
"897",1,1,0,1,0,1,0,0,0,1,10.976861687736
"898",1,1,0,1,0,0,1,0,0,0,10.0763382006416
"899",0,1,1,0,0,0,1,0,0,0,2.12171319877401
"900",1,1,1,1,0,1,0,0,0,1,11.9200686640243
"901",1,0,0,0,1,0,1,1,1,0,12.2035511972308
"902",0,0,1,0,0,0,0,1,0,1,0.715640957082204
"903",1,0,0,0,1,1,0,1,1,0,14.3377087250543
"904",1,0,0,0,1,1,0,1,1,0,15.2064984119984
"905",0,0,0,0,1,1,0,1,0,1,1.92039478007604
"906",1,1,0,0,1,0,1,0,0,0,12.9026620558997
"907",1,0,0,1,0,1,1,1,1,0,10.478818038699
"908",0,0,0,0,1,0,0,1,0,0,2.96644060664746
"909",0,1,1,0,1,1,0,0,0,1,0.957876233861044
"910",1,0,0,1,0,1,1,1,1,1,12.4156714159169
"911",1,0,1,1,0,0,1,1,0,1,12.4543858921418
"912",1,0,1,1,0,1,0,1,1,0,10.4826590689849
"913",1,0,0,0,1,0,0,1,1,0,10.970438122789
"914",0,0,1,0,0,0,1,1,0,0,1.72057560661072
"915",0,1,1,0,1,0,1,0,0,1,2.59088327653992
"916",1,0,0,0,1,0,1,1,1,1,13.8189777647947
"917",0,0,0,0,0,0,1,1,0,0,0.174983499912699
"918",1,0,1,1,0,1,0,1,0,1,10.1264142361429
"919",0,0,1,0,0,1,1,1,1,0,0.865174429452646
"920",0,1,1,0,0,0,0,0,0,0,0.588724007794963
"921",0,0,1,0,0,0,1,1,0,0,2.36115908590335
"922",0,0,1,0,0,1,1,1,1,0,2.97212455200253
"923",1,0,0,0,1,0,0,1,0,0,12.6644567408526
"924",1,0,1,0,1,0,1,1,1,0,12.5431527627273
"925",0,1,1,0,0,0,0,0,0,1,0.737155121360364
"926",1,0,1,0,1,0,1,1,1,1,14.2324874515589
"927",0,0,0,0,1,1,1,1,1,1,1.64637235578915
"928",0,0,0,0,1,1,0,1,1,0,3.16809998497642
"929",1,1,1,0,1,0,1,0,0,1,13.4814709869054
"930",0,0,1,0,0,1,0,1,1,1,2.21336243663283
"931",1,0,0,1,0,1,1,1,1,1,9.72908478564727
"932",0,1,0,0,1,1,0,0,0,0,2.23941389232989
"933",1,0,1,1,0,1,0,1,1,1,12.9532254515091
"934",0,0,0,0,1,1,1,1,0,1,3.51515300830295
"935",1,0,0,0,1,0,0,1,0,1,13.0684776140371
"936",0,1,1,0,0,1,1,0,0,1,-0.370066471310487
"937",1,1,0,1,0,0,0,0,0,1,9.71906738114457
"938",1,0,1,0,1,1,0,1,0,0,13.680393295214
"939",0,1,1,0,1,1,0,0,0,0,3.11257121412096
"940",0,1,0,0,1,0,1,0,0,1,2.44802012419052
"941",1,1,0,0,1,0,0,0,0,1,10.8413500119327
"942",1,0,1,0,1,1,0,1,1,1,13.0389667248002
"943",1,1,0,0,1,0,0,0,0,0,11.6091537757769
"944",0,1,1,0,0,1,1,0,0,0,-0.214142258125031
"945",1,0,1,0,1,1,0,1,0,0,13.6645276552659
"946",0,1,1,0,0,0,1,0,0,1,2.9545713675603
"947",1,0,0,1,0,1,0,1,1,1,13.3299483154693
"948",0,1,1,0,1,0,0,0,0,0,1.31748207854249
"949",1,0,0,0,1,1,1,1,1,0,14.794670909248
"950",0,0,0,0,0,1,1,1,1,0,2.65365624930007
"951",1,1,1,0,1,0,0,0,0,1,11.258636703804
"952",1,0,0,0,1,1,0,1,1,1,15.959627946529
"953",0,0,0,0,0,0,0,1,1,1,0.91471688751991
"954",0,0,1,0,1,1,1,1,0,0,2.25683471829654
"955",1,0,0,0,1,0,0,1,1,1,13.7361843959768
"956",0,0,0,0,0,0,0,1,0,1,2.64373430812047
"957",1,1,1,1,0,1,1,0,0,1,10.3123107674811
"958",0,0,1,0,1,1,1,1,1,1,2.97187612331423
"959",0,1,1,0,0,0,0,0,0,1,0.750640454590864
"960",1,0,1,1,0,0,0,1,1,1,11.8766968598657
"961",1,0,0,0,1,1,0,1,0,0,13.0624851544501
"962",1,0,1,1,0,0,0,1,1,0,11.0910216209568
"963",0,0,0,0,0,0,1,1,0,1,2.15696313010242
"964",0,1,0,0,1,1,1,0,0,0,2.69967893081272
"965",0,1,0,0,0,0,0,0,0,1,0.831565070437436
"966",0,1,1,0,1,0,1,0,0,0,5.14864009600137
"967",0,0,0,0,1,1,0,1,0,1,3.52962458962158
"968",0,0,0,0,1,1,1,1,1,0,4.25583885229514
"969",0,1,1,0,1,0,1,0,0,0,3.30335155771194
"970",0,1,1,0,1,1,1,0,0,1,2.97747997319776
"971",0,0,0,0,1,0,0,1,1,1,2.88915146961336
"972",1,1,0,0,1,1,0,0,0,1,12.3630623165397
"973",1,0,1,0,1,1,0,1,0,1,13.6423206891798
"974",0,0,0,0,0,0,1,1,1,0,2.48428791562828
"975",0,1,1,0,0,0,1,0,0,1,1.0093722984213
"976",1,1,1,1,0,1,0,0,0,1,11.991432813297
"977",0,0,1,0,0,1,0,1,1,1,2.97256722503653
"978",1,1,1,1,0,0,0,0,0,0,10.861142686523
"979",1,0,0,0,1,0,1,1,0,0,12.0372188848936
"980",1,0,1,0,1,0,1,1,1,1,13.2778837341008
"981",1,1,0,0,1,0,0,0,0,0,11.0262981972701
"982",0,1,1,0,1,0,1,0,0,0,1.81566240378477
"983",1,0,0,1,0,1,0,1,1,1,10.6478100178166
"984",1,0,1,0,1,1,0,1,1,0,14.2338140758338
"985",1,0,1,0,1,0,1,1,0,0,13.0846892952627
"986",0,1,1,0,1,1,1,0,0,1,1.94912151681945
"987",1,1,0,0,1,1,0,0,0,1,12.4799272790797
"988",0,1,1,0,1,0,1,0,0,0,4.20223684448324
"989",1,1,1,1,0,1,1,0,0,0,10.3226704668676
"990",1,0,0,1,0,0,0,1,1,0,11.9557441171744
"991",1,0,0,1,0,1,1,1,0,1,14.3254869238071
"992",1,0,1,0,1,1,0,1,1,1,12.9477004177837
"993",0,0,1,0,1,1,1,1,1,1,3.64561929781801
"994",0,1,0,0,1,0,0,0,0,1,2.506624430358
"995",1,1,1,0,1,1,0,0,0,1,11.3011655264723
"996",1,1,0,0,1,1,0,0,0,0,11.2725123361563
"997",0,0,0,0,0,1,0,1,1,0,1.63250770535898
"998",0,0,1,0,1,1,0,1,1,1,2.6201339897578
"999",0,1,0,0,1,0,0,0,0,1,2.51527175803611
"1000",1,1,1,1,0,1,0,0,0,0,9.61951023106633
